{"cameraMode":{"drawMode":0,"name":"Shaded","section":"Shading Mode"},"sceneLighting":true,"audioPlay":false,"sceneViewState":{"showFog":true,"showMaterialUpdate":false,"showSkybox":true,"showFlares":true,"showImageEffects":true,"showParticleSystems":true},"in2DMode":false,"pivot":{"x":-89.70570373535156,"y":95.275390625,"z":-22.854412078857423},"rotation":{"x":0.012600434944033623,"y":0.008394137024879456,"z":0.00009254209726350382,"w":-0.9999257922172546},"size":250.3968963623047,"orthographic":true}