{"cameraMode":{"drawMode":0,"name":"Shaded","section":"Shading Mode"},"sceneLighting":true,"audioPlay":false,"sceneViewState":{"showFog":true,"showMaterialUpdate":false,"showSkybox":true,"showFlares":true,"showImageEffects":true,"showParticleSystems":true},"in2DMode":false,"pivot":{"x":5.471397876739502,"y":-19.639131546020509,"z":33.00546646118164},"rotation":{"x":-0.30821165442466738,"y":-0.16943836212158204,"z":0.056025512516498569,"w":-0.9345165491104126},"size":64.15206909179688,"orthographic":false}