{"cameraMode":{"drawMode":0,"name":"Shaded","section":"Shading Mode"},"sceneLighting":true,"audioPlay":false,"sceneViewState":{"showFog":true,"showMaterialUpdate":false,"showSkybox":true,"showFlares":true,"showImageEffects":true,"showParticleSystems":true},"in2DMode":false,"pivot":{"x":-69.06747436523438,"y":99.55574035644531,"z":146.35809326171876},"rotation":{"x":0.11653365939855576,"y":-0.22730658948421479,"z":0.027408422902226449,"w":0.9664480090141296},"size":444.7904968261719,"orthographic":false}