{"cameraMode":{"drawMode":0,"name":"Shaded","section":"Shading Mode"},"sceneLighting":true,"audioPlay":false,"sceneViewState":{"showFog":true,"showMaterialUpdate":false,"showSkybox":true,"showFlares":true,"showImageEffects":true,"showParticleSystems":true},"in2DMode":false,"pivot":{"x":475.207763671875,"y":233.43174743652345,"z":111.64996337890625},"rotation":{"x":0.16628651320934297,"y":-0.5423135161399841,"z":0.11049695312976837,"w":0.8161253333091736},"size":530.4208984375,"orthographic":false}