{"cameraMode":{"drawMode":0,"name":"Shaded","section":"Shading Mode"},"sceneLighting":true,"audioPlay":false,"sceneViewState":{"showFog":true,"showMaterialUpdate":false,"showSkybox":true,"showFlares":true,"showImageEffects":true,"showParticleSystems":true},"in2DMode":false,"pivot":{"x":42.74063491821289,"y":-12.223200798034668,"z":24.898591995239259},"rotation":{"x":-0.30821165442466738,"y":-0.16943836212158204,"z":0.056025512516498569,"w":-0.9345165491104126},"size":45.110782623291019,"orthographic":false}