{"cameraMode":{"drawMode":0,"name":"Shaded","section":"Shading Mode"},"sceneLighting":true,"audioPlay":false,"sceneViewState":{"showFog":true,"showMaterialUpdate":false,"showSkybox":true,"showFlares":true,"showImageEffects":true,"showParticleSystems":true},"in2DMode":false,"pivot":{"x":56.90839385986328,"y":185.8416748046875,"z":-70.95468139648438},"rotation":{"x":-0.029718808829784395,"y":0.2732461988925934,"z":-0.008445658721029759,"w":-0.9614750742912293},"size":250.66107177734376,"orthographic":true}