{"cameraMode":{"drawMode":0,"name":"Shaded","section":"Shading Mode"},"sceneLighting":true,"audioPlay":false,"sceneViewState":{"showFog":true,"showMaterialUpdate":false,"showSkybox":true,"showFlares":true,"showImageEffects":true,"showParticleSystems":true},"in2DMode":false,"pivot":{"x":-90.1595687866211,"y":11.195119857788086,"z":29.298934936523439},"rotation":{"x":-0.04005691036581993,"y":-0.5652167797088623,"z":-0.027491495013237,"w":0.8235218524932861},"size":99.93865203857422,"orthographic":false}