{"cameraMode":{"drawMode":0,"name":"Shaded","section":"Shading Mode"},"sceneLighting":false,"audioPlay":false,"sceneViewState":{"showFog":true,"showMaterialUpdate":false,"showSkybox":false,"showFlares":true,"showImageEffects":true,"showParticleSystems":true},"in2DMode":false,"pivot":{"x":0.0,"y":2.7008354663848878e-8,"z":7.450580596923828e-8},"rotation":{"x":0.11383705586194992,"y":0.3978846073150635,"z":-0.049656130373477939,"w":0.9091534614562988},"size":1.3971045017242432,"orthographic":false}