{"cameraMode":{"drawMode":0,"name":"Shaded","section":"Shading Mode"},"sceneLighting":true,"audioPlay":false,"sceneViewState":{"showFog":true,"showMaterialUpdate":false,"showSkybox":true,"showFlares":true,"showImageEffects":true,"showParticleSystems":true},"in2DMode":false,"pivot":{"x":2.460707187652588,"y":132.8503875732422,"z":-3.059497833251953},"rotation":{"x":-0.12898781895637513,"y":0.09149207919836045,"z":-0.011950268410146237,"w":-0.9873923659324646},"size":299.6426086425781,"orthographic":true}