{"cameraMode":{"drawMode":0,"name":"Shaded","section":"Shading Mode"},"sceneLighting":true,"audioPlay":false,"sceneViewState":{"showFog":true,"showMaterialUpdate":false,"showSkybox":true,"showFlares":true,"showImageEffects":true,"showParticleSystems":true},"in2DMode":false,"pivot":{"x":2944.513916015625,"y":-1415.725341796875,"z":701.75830078125},"rotation":{"x":0.17218884825706483,"y":0.6062923073768616,"z":-0.13590578734874726,"w":0.7647324204444885},"size":3478.995849609375,"orthographic":false}