{"cameraMode":{"drawMode":0,"name":"Shaded","section":"Shading Mode"},"sceneLighting":true,"audioPlay":false,"sceneViewState":{"showFog":true,"showMaterialUpdate":false,"showSkybox":true,"showFlares":true,"showImageEffects":true,"showParticleSystems":true},"in2DMode":false,"pivot":{"x":-1.2299230098724366,"y":20.88619041442871,"z":-0.1467287540435791},"rotation":{"x":-0.1738167703151703,"y":-0.36583149433135989,"z":0.0697578489780426,"w":-0.9116731882095337},"size":13.497312545776368,"orthographic":true}