{"cameraMode":{"drawMode":0,"name":"Shaded","section":"Shading Mode"},"sceneLighting":true,"audioPlay":false,"sceneViewState":{"showFog":true,"showMaterialUpdate":false,"showSkybox":true,"showFlares":true,"showImageEffects":true,"showParticleSystems":true},"in2DMode":false,"pivot":{"x":-2.4424257278442385,"y":4.061356544494629,"z":-0.8254022598266602},"rotation":{"x":0.0007476072642020881,"y":0.36470577120780947,"z":0.00026456816704012454,"w":0.9313795566558838},"size":2.2997114658355715,"orthographic":false}