{"cameraMode":{"drawMode":0,"name":"Shaded","section":"Shading Mode"},"sceneLighting":true,"audioPlay":false,"sceneViewState":{"showFog":true,"showMaterialUpdate":false,"showSkybox":true,"showFlares":true,"showImageEffects":true,"showParticleSystems":true},"in2DMode":false,"pivot":{"x":167.54879760742188,"y":-145.56112670898438,"z":84.90681457519531},"rotation":{"x":0.2737427055835724,"y":0.5091559290885925,"z":-0.17461629211902619,"w":0.797398567199707},"size":279.6260986328125,"orthographic":false}