{"cameraMode":{"drawMode":0,"name":"Shaded","section":"Shading Mode"},"sceneLighting":false,"audioPlay":false,"sceneViewState":{"showFog":true,"showMaterialUpdate":false,"showSkybox":false,"showFlares":true,"showImageEffects":true,"showParticleSystems":true},"in2DMode":false,"pivot":{"x":-0.020029377192258836,"y":0.39657652378082278,"z":-0.15355223417282105},"rotation":{"x":0.12520824372768403,"y":-0.4108072519302368,"z":0.058510035276412967,"w":0.9015151858329773},"size":1.2592408657073975,"orthographic":false}