{"cameraMode":{"drawMode":0,"name":"Shaded","section":"Shading Mode"},"sceneLighting":false,"audioPlay":false,"sceneViewState":{"showFog":true,"showMaterialUpdate":false,"showSkybox":false,"showFlares":true,"showImageEffects":true,"showParticleSystems":true},"in2DMode":false,"pivot":{"x":1.4566750526428223,"y":0.2148776352405548,"z":-2.9950671195983888},"rotation":{"x":0.10301116853952408,"y":-0.020859260112047197,"z":0.0023284044582396747,"w":0.9946654438972473},"size":2.1388368606567385,"orthographic":false}