{"cameraMode":{"drawMode":0,"name":"Shaded","section":"Shading Mode"},"sceneLighting":false,"audioPlay":false,"sceneViewState":{"showFog":true,"showMaterialUpdate":false,"showSkybox":false,"showFlares":true,"showImageEffects":true,"showParticleSystems":true},"in2DMode":false,"pivot":{"x":1.806021809577942,"y":235.48973083496095,"z":13.479904174804688},"rotation":{"x":0.16628651320934297,"y":-0.5423135161399841,"z":0.11049695312976837,"w":0.8161253333091736},"size":197.35792541503907,"orthographic":false}