{"cameraMode":{"drawMode":0,"name":"Shaded","section":"Shading Mode"},"sceneLighting":false,"audioPlay":false,"sceneViewState":{"showFog":true,"showMaterialUpdate":false,"showSkybox":false,"showFlares":true,"showImageEffects":true,"showParticleSystems":true},"in2DMode":false,"pivot":{"x":1.2000001668930054,"y":25.40999984741211,"z":-95.75},"rotation":{"x":0.18038979172706605,"y":0.09113524109125138,"z":-0.016448501497507097,"w":0.979467511177063},"size":3.274155855178833,"orthographic":false}