{"cameraMode":{"drawMode":0,"name":"Shaded","section":"Shading Mode"},"sceneLighting":true,"audioPlay":false,"sceneViewState":{"showFog":true,"showMaterialUpdate":false,"showSkybox":true,"showFlares":true,"showImageEffects":true,"showParticleSystems":true},"in2DMode":false,"pivot":{"x":15.013019561767579,"y":4.143645286560059,"z":-15.642972946166993},"rotation":{"x":-0.020103301852941514,"y":0.689505398273468,"z":-0.018908390775322915,"w":-0.7238540053367615},"size":13.556939125061036,"orthographic":false}