{"cameraMode":{"drawMode":0,"name":"Shaded","section":"Shading Mode"},"sceneLighting":true,"audioPlay":false,"sceneViewState":{"showFog":true,"showMaterialUpdate":false,"showSkybox":true,"showFlares":true,"showImageEffects":true,"showParticleSystems":true},"in2DMode":false,"pivot":{"x":1.627380132675171,"y":1.233056664466858,"z":22.76709747314453},"rotation":{"x":0.0038980881217867138,"y":0.01200049091130495,"z":-0.000038652578950859606,"w":0.9999367594718933},"size":32.39469909667969,"orthographic":false}