{"cameraMode":{"drawMode":0,"name":"Shaded","section":"Shading Mode"},"sceneLighting":false,"audioPlay":false,"sceneViewState":{"showFog":true,"showMaterialUpdate":false,"showSkybox":false,"showFlares":true,"showImageEffects":true,"showParticleSystems":true},"in2DMode":false,"pivot":{"x":1.2601114511489869,"y":26.26190185546875,"z":-95.87347412109375},"rotation":{"x":-0.06087658926844597,"y":-0.012280629016458989,"z":-0.0004061996878590435,"w":0.9983067512512207},"size":1.4549250602722169,"orthographic":false}