{"cameraMode":{"drawMode":0,"name":"Shaded","section":"Shading Mode"},"sceneLighting":true,"audioPlay":false,"sceneViewState":{"showFog":true,"showMaterialUpdate":false,"showSkybox":true,"showFlares":true,"showImageEffects":true,"showParticleSystems":true},"in2DMode":false,"pivot":{"x":-2.7135496139526369,"y":-11.348562240600586,"z":35.16857147216797},"rotation":{"x":0.23421907424926759,"y":-0.09309950470924378,"z":0.023994773626327516,"w":0.9677242636680603},"size":69.83771514892578,"orthographic":false}