{"cameraMode":{"drawMode":0,"name":"Shaded","section":"Shading Mode"},"sceneLighting":true,"audioPlay":false,"sceneViewState":{"showFog":true,"showMaterialUpdate":false,"showSkybox":true,"showFlares":true,"showImageEffects":true,"showParticleSystems":true},"in2DMode":false,"pivot":{"x":10.03927230834961,"y":0.8377630710601807,"z":28.144399642944337},"rotation":{"x":0.020519781857728959,"y":0.14351649582386018,"z":-0.0027474232483655216,"w":0.9896327257156372},"size":38.20595932006836,"orthographic":false}