{"cameraMode":{"drawMode":0,"name":"Shaded","section":"Shading Mode"},"sceneLighting":false,"audioPlay":false,"sceneViewState":{"showFog":true,"showMaterialUpdate":false,"showSkybox":false,"showFlares":true,"showImageEffects":true,"showParticleSystems":true},"in2DMode":false,"pivot":{"x":31.3677978515625,"y":12.769648551940918,"z":-5.91204833984375},"rotation":{"x":0.11383705586194992,"y":0.3978846073150635,"z":-0.049656130373477939,"w":0.9091534614562988},"size":1.257467269897461,"orthographic":false}