{"cameraMode":{"drawMode":0,"name":"Shaded","section":"Shading Mode"},"sceneLighting":false,"audioPlay":false,"sceneViewState":{"showFog":true,"showMaterialUpdate":false,"showSkybox":false,"showFlares":true,"showImageEffects":true,"showParticleSystems":true},"in2DMode":false,"pivot":{"x":31.05791473388672,"y":12.252490997314454,"z":-6.9060821533203129},"rotation":{"x":-0.017294269055128099,"y":0.9698311686515808,"z":-0.23272205889225007,"w":-0.07262665778398514},"size":1.257467269897461,"orthographic":false}