{"cameraMode":{"drawMode":0,"name":"Shaded","section":"Shading Mode"},"sceneLighting":true,"audioPlay":false,"sceneViewState":{"showFog":true,"showMaterialUpdate":false,"showSkybox":true,"showFlares":true,"showImageEffects":true,"showParticleSystems":true},"in2DMode":false,"pivot":{"x":5.211719512939453,"y":0.6075692176818848,"z":10.857783317565918},"rotation":{"x":-0.10471390187740326,"y":-0.293173611164093,"z":0.032323356717824939,"w":-0.9497588872909546},"size":13.156267166137696,"orthographic":false}