{"cameraMode":{"drawMode":0,"name":"Shaded","section":"Shading Mode"},"sceneLighting":true,"audioPlay":false,"sceneViewState":{"showFog":true,"showMaterialUpdate":false,"showSkybox":true,"showFlares":true,"showImageEffects":true,"showParticleSystems":true},"in2DMode":false,"pivot":{"x":5.039233207702637,"y":0.40133440494537356,"z":-2.6947779655456545},"rotation":{"x":-0.09419780224561691,"y":-0.50797039270401,"z":0.056005172431468967,"w":-0.8543776869773865},"size":6.5589919090271,"orthographic":false}